id,Danceability
0,5
1,5
2,2
3,5
4,5
5,4
6,3
7,2
8,4
9,4
10,7
11,6
12,6
13,5
14,4
15,3
16,5
17,2
18,5
19,5
20,8
21,5
22,7
23,8
24,4
25,7
26,6
27,6
28,8
29,5
30,4
31,3
32,2
33,4
34,5
35,5
36,6
37,2
38,3
39,4
40,7
41,6
42,2
43,8
44,5
45,6
46,6
47,6
48,6
49,5
50,5
51,2
52,5
53,6
54,4
55,2
56,4
57,4
58,3
59,2
60,5
61,4
62,4
63,4
64,3
65,6
66,4
67,3
68,1
69,4
70,2
71,2
72,1
73,4
74,3
75,5
76,4
77,6
78,4
79,5
80,2
81,3
82,6
83,4
84,5
85,7
86,4
87,5
88,5
89,3
90,4
91,5
92,5
93,8
94,6
95,7
96,3
97,5
98,7
99,6
100,6
101,6
102,4
103,7
104,6
105,5
106,6
107,4
108,4
109,4
110,3
111,5
112,3
113,8
114,9
115,7
116,4
117,3
118,7
119,7
120,7
121,5
122,8
123,5
124,7
125,7
126,5
127,3
128,6
129,6
130,7
131,7
132,6
133,2
134,6
135,5
136,6
137,5
138,3
139,8
140,6
141,6
142,5
143,6
144,6
145,8
146,6
147,8
148,4
149,5
150,8
151,5
152,5
153,4
154,4
155,5
156,5
157,3
158,4
159,5
160,4
161,7
162,5
163,5
164,6
165,5
166,7
167,6
168,6
169,5
170,6
171,6
172,4
173,2
174,3
175,2
176,4
177,5
178,5
179,3
180,6
181,5
182,6
183,6
184,6
185,4
186,7
187,6
188,6
189,6
190,5
191,6
192,7
193,6
194,6
195,7
196,5
197,7
198,7
199,7
200,8
201,6
202,5
203,5
204,5
205,6
206,6
207,1
208,4
209,7
210,4
211,7
212,7
213,6
214,9
215,5
216,6
217,6
218,6
219,6
220,6
221,5
222,7
223,6
224,5
225,5
226,7
227,6
228,6
229,4
230,5
231,4
232,5
233,5
234,6
235,6
236,4
237,5
238,5
239,5
240,4
241,7
242,4
243,7
244,6
245,4
246,5
247,7
248,5
249,7
250,4
251,7
252,3
253,1
254,6
255,7
256,4
257,4
258,4
259,4
260,4
261,6
262,5
263,3
264,7
265,5
266,3
267,2
268,7
269,4
270,4
271,4
272,4
273,3
274,5
275,4
276,3
277,5
278,2
279,4
280,4
281,5
282,4
283,6
284,7
285,4
286,5
287,4
288,6
289,8
290,4
291,4
292,4
293,3
294,4
295,3
296,3
297,4
298,5
299,5
300,5
301,6
302,5
303,4
304,3
305,3
306,6
307,4
308,6
309,4
310,4
311,5
312,5
313,4
314,3
315,6
316,6
317,3
318,5
319,4
320,6
321,5
322,7
323,6
324,5
325,3
326,7
327,7
328,7
329,5
330,4
331,4
332,4
333,4
334,2
335,3
336,3
337,4
338,5
339,5
340,7
341,4
342,5
343,5
344,4
345,6
346,5
347,3
348,7
349,4
350,4
351,7
352,6
353,7
354,9
355,6
356,7
357,7
358,6
359,5
360,4
361,5
362,6
363,5
364,6
365,6
366,4
367,7
368,4
369,6
370,6
371,7
372,3
373,5
374,5
375,7
376,4
377,5
378,5
379,2
380,7
381,7
382,5
383,5
384,7
385,6
386,5
387,5
388,5
389,8
390,6
391,8
392,5
393,3
394,5
395,6
396,5
397,4
398,4
399,2
400,4
401,7
402,5
403,4
404,3
405,5
406,3
407,4
408,4
409,6
410,6
411,6
412,5
413,5
414,5
415,5
416,6
417,4
418,4
419,5
420,7
421,7
422,6
423,3
424,6
425,6
426,3
427,3
428,6
429,6
430,5
431,6
432,6
433,4
434,3
435,1
436,3
437,6
438,7
439,6
440,1
441,4
442,4
443,7
444,1
445,4
446,4
447,6
448,2
449,5
450,5
451,4
452,4
453,5
454,4
455,4
456,6
457,3
458,3
459,3
460,6
461,1
462,5
463,2
464,5
465,3
466,5
467,2
468,5
469,4
470,4
471,3
472,6
473,4
474,5
475,1
476,4
477,1
478,6
479,4
480,6
481,4
482,4
483,5
484,1
485,4
486,5
487,2
488,1
489,0
490,0
491,0
492,1
493,0
494,0
495,0
496,0
497,5
498,5
499,4
500,3
501,1
502,4
503,3
504,1
505,3
506,6
507,4
508,2
509,2
510,5
511,6
512,6
513,4
514,4
515,5
516,3
517,3
518,2
519,3
520,4
521,5
522,1
523,2
524,4
525,6
526,2
527,1
528,2
529,2
530,3
531,6
532,6
533,4
534,4
535,6
536,4
537,4
538,7
539,4
540,4
541,1
542,6
543,4
544,1
545,2
546,3
547,0
548,5
549,2
550,2
551,0
552,2
553,2
554,5
555,3
556,3
557,2
558,5
559,3
560,3
561,4
562,4
563,1
564,6
565,6
566,4
567,3
568,4
569,2
570,3
571,2
572,8
573,5
574,2
575,3
576,4
577,5
578,5
579,0
580,4
581,5
582,4
583,5
584,6
585,4
586,5
587,4
588,6
589,3
590,1
591,5
592,4
593,3
594,2
595,7
596,6
597,5
598,6
599,4
600,3
601,6
602,4
603,7
604,7
605,5
606,6
607,3
608,5
609,7
610,6
611,5
612,3
613,9
614,6
615,4
616,5
617,2
618,4
619,3
620,2
621,5
622,4
623,4
624,4
625,8
626,6
627,9
628,7
629,4
630,6
631,2
632,6
633,5
634,7
635,5
636,6
637,5
638,1
639,8
640,5
641,5
642,5
643,7
644,6
645,5
646,5
647,5
648,5
649,8
650,6
651,3
652,4
653,6
654,4
655,8
656,5
657,6
658,5
659,7
660,2
661,6
662,7
663,2
664,4
665,6
666,2
667,2
668,5
669,2
670,4
671,6
672,4
673,5
674,4
675,6
676,6
677,7
678,8
679,8
680,7
681,6
682,5
683,6
684,8
685,5
686,7
687,7
688,5
689,8
690,8
691,5
692,3
693,3
694,5
695,7
696,7
697,4
698,5
699,4
700,5
701,3
702,5
703,4
704,5
705,3
706,4
707,4
708,5
709,4
710,3
711,2
712,4
713,3
714,6
715,3
716,4
717,3
718,4
719,6
720,5
721,4
722,4
723,2
724,4
725,7
726,7
727,4
728,8
729,4
730,6
731,6
732,5
733,5
734,3
735,8
736,6
737,6
738,5
739,5
740,5
741,4
742,3
743,5
744,1
745,7
746,3
747,6
748,5
749,2
750,5
751,2
752,3
753,5
754,6
755,3
756,3
757,5
758,2
759,3
760,4
761,3
762,6
763,5
764,6
765,4
766,4
767,5
768,5
769,4
770,4
771,7
772,7
773,4
774,3
775,4
776,5
777,5
778,4
779,5
780,2
781,4
782,6
783,3
784,6
785,7
786,6
787,6
788,5
789,6
790,2
791,5
792,4
793,7
794,7
795,7
796,6
797,4
798,7
799,7
800,8
801,6
802,5
803,9
804,4
805,5
806,6
807,7
808,5
809,5
810,6
811,5
812,3
813,7
814,7
815,7
816,7
817,7
818,5
819,6
820,8
821,7
822,4
823,7
824,4
825,4
826,6
827,4
828,6
829,5
830,6
831,7
832,5
833,5
834,5
835,1
836,4
837,4
838,6
839,4
840,3
841,6
842,3
843,5
844,4
845,6
846,3
847,5
848,3
849,6
850,7
851,2
852,5
853,5
854,5
855,6
856,5
857,6
858,5
859,1
860,0
861,1
862,1
863,1
864,3
865,0
866,2
867,0
868,6
869,5
870,4
871,5
872,4
873,4
874,4
875,4
876,3
877,5
878,5
879,3
880,3
881,6
882,3
883,6
884,4
885,6
886,3
887,4
888,7
889,3
890,5
891,3
892,5
893,4
894,2
895,5
896,7
897,7
898,7
899,5
900,7
901,4
902,4
903,4
904,6
905,5
906,6
907,6
908,6
909,3
910,2
911,6
912,6
913,6
914,6
915,5
916,6
917,6
918,6
919,9
920,8
921,3
922,4
923,2
924,3
925,4
926,4
927,2
928,5
929,5
930,3
931,4
932,6
933,5
934,5
935,5
936,5
937,5
938,3
939,5
940,5
941,5
942,5
943,4
944,5
945,2
946,6
947,5
948,5
949,4
950,5
951,4
952,4
953,4
954,7
955,6
956,2
957,6
958,5
959,4
960,6
961,4
962,6
963,4
964,3
965,2
966,5
967,7
968,5
969,5
970,3
971,5
972,4
973,4
974,4
975,5
976,6
977,4
978,4
979,3
980,7
981,5
982,9
983,6
984,7
985,5
986,7
987,7
988,4
989,5
990,6
991,4
992,5
993,7
994,4
995,7
996,5
997,6
998,4
999,6
1000,8
1001,8
1002,8
1003,5
1004,7
1005,6
1006,5
1007,5
1008,5
1009,4
1010,7
1011,6
1012,7
1013,5
1014,3
1015,6
1016,5
1017,4
1018,5
1019,2
1020,3
1021,5
1022,5
1023,2
1024,1
1025,4
1026,5
1027,5
1028,2
1029,2
1030,3
1031,0
1032,2
1033,0
1034,0
1035,0
1036,4
1037,2
1038,3
1039,0
1040,5
1041,8
1042,7
1043,7
1044,9
1045,5
1046,6
1047,8
1048,5
1049,5
1050,9
1051,2
1052,7
1053,7
1054,7
1055,4
1056,6
1057,4
1058,6
1059,8
1060,3
1061,4
1062,4
1063,2
1064,5
1065,4
1066,5
1067,4
1068,3
1069,6
1070,7
1071,5
1072,7
1073,6
1074,4
1075,5
1076,6
1077,5
1078,5
1079,3
1080,5
1081,5
1082,7
1083,3
1084,6
1085,4
1086,3
1087,1
1088,1
1089,7
1090,4
1091,6
1092,2
1093,3
1094,0
1095,6
1096,1
1097,4
1098,3
1099,4
1100,4
1101,2
1102,4
1103,3
1104,5
1105,4
1106,2
1107,5
1108,3
1109,7
1110,7
1111,6
1112,6
1113,6
1114,3
1115,6
1116,3
1117,5
1118,3
1119,5
1120,4
1121,8
1122,9
1123,5
1124,4
1125,4
1126,2
1127,7
1128,3
1129,4
1130,6
1131,4
1132,3
1133,6
1134,4
1135,4
1136,5
1137,3
1138,8
1139,7
1140,7
1141,6
1142,4
1143,5
1144,4
1145,7
1146,6
1147,4
1148,3
1149,3
1150,2
1151,4
1152,3
1153,6
1154,2
1155,4
1156,7
1157,7
1158,4
1159,6
1160,4
1161,6
1162,5
1163,3
1164,2
1165,3
1166,4
1167,4
1168,2
1169,5
1170,7
1171,4
1172,3
1173,5
1174,2
1175,3
1176,2
1177,5
1178,4
1179,5
1180,4
1181,3
1182,6
1183,7
1184,6
1185,5
1186,5
1187,5
1188,7
1189,4
1190,7
1191,2
1192,5
1193,7
1194,5
1195,3
1196,6
1197,4
1198,6
1199,5
1200,7
1201,6
1202,4
1203,6
1204,9
1205,7
1206,5
1207,6
1208,6
1209,8
1210,4
1211,5
1212,6
1213,5
1214,4
1215,5
1216,7
1217,7
1218,5
1219,5
1220,6
1221,0
1222,2
1223,0
1224,2
1225,0
1226,2
1227,0
1228,0
1229,2
1230,6
1231,0
1232,1
1233,6
1234,3
1235,5
1236,4
1237,6
1238,6
1239,6
1240,7
1241,4
1242,5
1243,4
1244,4
1245,4
1246,5
1247,6
1248,1
1249,0
1250,1
1251,3
1252,1
1253,0
1254,0
1255,0
1256,2
1257,0
1258,2
1259,4
1260,6
1261,5
1262,4
1263,6
1264,4
1265,4
1266,1
1267,4
1268,2
1269,4
1270,3
1271,4
1272,5
1273,5
1274,3
1275,4
1276,6
1277,5
1278,7
1279,4
1280,4
1281,3
1282,6
1283,6
1284,4
1285,4
1286,6
1287,5
1288,7
1289,1
1290,2
1291,6
1292,6
1293,6
1294,7
1295,5
1296,3
1297,2
1298,2
1299,6
1300,5
1301,4
1302,4
1303,4
1304,3
1305,2
1306,4
1307,5
1308,3
1309,3
1310,5
1311,4
1312,3
1313,5
1314,7
1315,7
1316,5
1317,3
1318,3
1319,5
1320,6
1321,2
1322,5
1323,5
1324,6
1325,4
1326,6
1327,4
1328,3
1329,6
1330,4
1331,4
1332,5
1333,4
1334,5
1335,6
1336,5
1337,3
1338,7
1339,6
1340,6
1341,7
1342,7
1343,5
1344,6
1345,5
1346,5
1347,2
1348,6
1349,4
1350,6
1351,5
1352,3
1353,4
1354,5
1355,4
1356,5
1357,7
1358,7
1359,5
1360,5
1361,4
1362,4
1363,4
1364,5
1365,1
1366,5
1367,4
1368,6
1369,6
1370,1
1371,3
1372,3
1373,5
1374,4
1375,4
1376,3
1377,6
1378,2
1379,4
1380,4
1381,1
1382,2
1383,2
1384,2
1385,1
1386,4
1387,2
1388,5
1389,4
1390,5
1391,3
1392,5
1393,2
1394,5
1395,4
1396,5
1397,5
1398,5
1399,4
1400,8
1401,5
1402,4
1403,7
1404,3
1405,5
1406,4
1407,3
1408,4
1409,7
1410,7
1411,3
1412,4
1413,6
1414,3
1415,4
1416,3
1417,5
1418,5
1419,4
1420,3
1421,5
1422,3
1423,4
1424,4
1425,5
1426,2
1427,2
1428,1
1429,3
1430,4
1431,5
1432,6
1433,4
1434,7
1435,8
1436,6
1437,4
1438,7
1439,5
1440,5
1441,2
1442,4
1443,2
1444,5
1445,3
1446,1
1447,5
1448,5
1449,4
1450,5
1451,4
1452,3
1453,6
1454,3
1455,6
1456,3
1457,4
1458,2
1459,2
1460,7
1461,4
1462,2
1463,1
1464,6
1465,4
1466,6
1467,1
1468,2
1469,6
1470,2
1471,4
1472,4
1473,2
1474,6
1475,4
1476,4
1477,2
1478,3
1479,3
1480,3
1481,3
1482,5
1483,4
1484,7
1485,6
1486,8
1487,3
1488,6
1489,5
1490,6
1491,5
1492,6
1493,7
1494,6
1495,4
1496,5
1497,6
1498,6
1499,3
1500,2
1501,6
1502,3
1503,7
1504,4
1505,3
1506,3
1507,1
1508,5
1509,4
1510,2
1511,2
1512,3
1513,4
1514,6
1515,5
1516,6
1517,6
1518,5
1519,3
1520,4
1521,7
1522,5
1523,2
1524,5
1525,2
1526,6
1527,3
1528,3
1529,3
1530,5
1531,5
1532,6
1533,4
1534,5
1535,3
1536,6
1537,3
1538,5
1539,4
1540,4
1541,3
1542,3
1543,4
1544,8
1545,5
1546,4
1547,5
1548,7
1549,3
1550,1
1551,4
1552,3
1553,5
1554,6
1555,5
1556,5
1557,7
1558,8
1559,7
1560,7
1561,6
1562,5
1563,7
1564,5
1565,4
1566,2
1567,5
1568,5
1569,5
1570,5
1571,4
1572,5
1573,5
1574,5
1575,1
1576,4
1577,1
1578,4
1579,5
1580,5
1581,4
1582,4
1583,3
1584,1
1585,3
1586,2
1587,6
1588,0
1589,6
1590,6
1591,5
1592,7
1593,3
1594,6
1595,5
1596,4
1597,6
1598,4
1599,4
1600,6
1601,6
1602,5
1603,5
1604,4
1605,2
1606,2
1607,6
1608,6
1609,5
1610,8
1611,6
1612,5
1613,5
1614,4
1615,4
1616,5
1617,6
1618,7
1619,7
1620,6
1621,7
1622,7
1623,5
1624,7
1625,4
1626,5
1627,4
1628,6
1629,3
1630,5
1631,5
1632,5
1633,5
1634,5
1635,4
1636,4
1637,3
1638,2
1639,3
1640,3
1641,5
1642,1
1643,4
1644,2
1645,7
1646,6
1647,2
1648,5
1649,5
1650,2
1651,5
1652,5
1653,5
1654,5
1655,5
1656,5
1657,4
1658,7
1659,2
1660,6
1661,3
1662,2
1663,6
1664,6
1665,5
1666,4
1667,6
1668,6
1669,4
1670,8
1671,6
1672,3
1673,6
1674,5
1675,0
1676,0
1677,2
1678,1
1679,0
1680,0
1681,0
1682,0
1683,0
1684,0
1685,4
1686,3
1687,4
1688,4
1689,1
1690,2
1691,4
1692,4
1693,3
1694,4
1695,6
1696,6
1697,5
1698,3
1699,7
1700,7
1701,5
1702,7
1703,6
1704,7
1705,4
1706,7
1707,6
1708,6
1709,5
1710,6
1711,3
1712,5
1713,3
1714,4
1715,5
1716,6
1717,7
1718,6
1719,4
1720,4
1721,6
1722,4
1723,6
1724,3
1725,1
1726,5
1727,6
1728,4
1729,4
1730,4
1731,3
1732,3
1733,3
1734,2
1735,5
1736,0
1737,0
1738,1
1739,0
1740,3
1741,1
1742,0
1743,0
1744,1
1745,1
1746,4
1747,6
1748,5
1749,4
1750,8
1751,6
1752,2
1753,8
1754,3
1755,5
1756,3
1757,2
1758,1
1759,1
1760,4
1761,5
1762,3
1763,5
1764,5
1765,7
1766,4
1767,6
1768,7
1769,5
1770,4
1771,4
1772,5
1773,6
1774,5
1775,6
1776,5
1777,7
1778,8
1779,7
1780,5
1781,7
1782,7
1783,4
1784,6
1785,5
1786,7
1787,5
1788,3
1789,5
1790,6
1791,4
1792,4
1793,6
1794,3
1795,5
1796,4
1797,5
1798,2
1799,4
1800,0
1801,6
1802,5
1803,7
1804,5
1805,5
1806,7
1807,9
1808,9
1809,3
1810,4
1811,6
1812,4
1813,4
1814,4
1815,6
1816,5
1817,6
1818,5
1819,6
1820,6
1821,6
1822,4
1823,9
1824,6
1825,9
1826,9
1827,5
1828,8
1829,9
1830,7
1831,3
1832,5
1833,3
1834,4
1835,4
1836,5
1837,5
1838,1
1839,7
1840,6
1841,3
1842,4
1843,3
1844,5
1845,4
1846,5
1847,5
1848,3
1849,4
1850,2
1851,4
1852,5
1853,2
1854,5
1855,3
1856,4
1857,4
1858,3
1859,6
1860,3
1861,3
1862,2
1863,6
1864,5
1865,2
1866,3
1867,5
1868,3
1869,4
1870,3
1871,4
1872,5
1873,2
1874,5
1875,5
1876,3
1877,7
1878,2
1879,5
1880,0
1881,3
1882,3
1883,3
1884,3
1885,3
1886,4
1887,3
1888,6
1889,4
1890,4
1891,7
1892,6
1893,8
1894,4
1895,4
1896,3
1897,5
1898,3
1899,3
1900,3
1901,5
1902,3
1903,0
1904,2
1905,6
1906,4
1907,4
1908,1
1909,2
1910,7
1911,0
1912,1
1913,5
1914,6
1915,4
1916,3
1917,2
1918,5
1919,5
1920,5
1921,4
1922,4
1923,3
1924,3
1925,3
1926,4
1927,3
1928,3
1929,6
1930,5
1931,5
1932,3
1933,2
1934,5
1935,3
1936,5
1937,0
1938,2
1939,2
1940,3
1941,3
1942,4
1943,3
1944,4
1945,2
1946,3
1947,4
1948,4
1949,2
1950,5
1951,4
1952,1
1953,2
1954,2
1955,4
1956,3
1957,2
1958,3
1959,4
1960,4
1961,3
1962,4
1963,3
1964,3
1965,8
1966,5
1967,4
1968,0
1969,1
1970,4
1971,6
1972,3
1973,3
1974,1
1975,7
1976,4
1977,5
1978,5
1979,5
1980,6
1981,5
1982,5
1983,7
1984,7
1985,5
1986,5
1987,5
1988,4
1989,6
1990,5
1991,6
1992,7
1993,6
1994,1
1995,2
1996,3
1997,2
1998,3
1999,2
2000,4
2001,5
2002,4
2003,5
2004,4
2005,3
2006,4
2007,6
2008,4
2009,2
2010,7
2011,6
2012,5
2013,7
2014,2
2015,3
2016,2
2017,5
2018,6
2019,6
2020,6
2021,2
2022,5
2023,3
2024,6
2025,5
2026,2
2027,5
2028,3
2029,6
2030,6
2031,6
2032,5
2033,5
2034,4
2035,5
2036,6
2037,4
2038,3
2039,3
2040,5
2041,5
2042,3
2043,5
2044,5
2045,2
2046,2
2047,6
2048,6
2049,8
2050,3
2051,2
2052,5
2053,5
2054,6
2055,3
2056,5
2057,4
2058,2
2059,5
2060,4
2061,3
2062,3
2063,5
2064,4
2065,5
2066,2
2067,4
2068,5
2069,3
2070,3
2071,3
2072,5
2073,6
2074,7
2075,3
2076,5
2077,6
2078,5
2079,3
2080,4
2081,3
2082,1
2083,6
2084,5
2085,6
2086,5
2087,3
2088,2
2089,6
2090,5
2091,3
2092,6
2093,5
2094,7
2095,5
2096,4
2097,4
2098,7
2099,4
2100,6
2101,4
2102,4
2103,6
2104,6
2105,5
2106,2
2107,2
2108,7
2109,5
2110,3
2111,7
2112,3
2113,4
2114,5
2115,6
2116,5
2117,6
2118,6
2119,3
2120,3
2121,4
2122,6
2123,3
2124,6
2125,6
2126,3
2127,4
2128,4
2129,6
2130,4
2131,0
2132,4
2133,4
2134,5
2135,6
2136,4
2137,1
2138,6
2139,7
2140,3
2141,1
2142,6
2143,9
2144,5
2145,5
2146,5
2147,5
2148,3
2149,1
2150,4
2151,3
2152,4
2153,1
2154,5
2155,4
2156,5
2157,4
2158,4
2159,3
2160,4
2161,6
2162,3
2163,4
2164,6
2165,5
2166,6
2167,5
2168,6
2169,4
2170,4
2171,7
2172,5
2173,5
2174,3
2175,4
2176,3
2177,3
2178,4
2179,6
2180,3
2181,5
2182,4
2183,5
2184,7
2185,6
2186,3
2187,5
2188,3
2189,5
2190,3
2191,2
2192,6
2193,6
2194,5
2195,5
2196,4
2197,4
2198,2
2199,3
2200,4
2201,5
2202,5
2203,5
2204,4
2205,7
2206,2
2207,5
2208,2
2209,8
2210,2
2211,6
2212,4
2213,5
2214,2
2215,3
2216,4
2217,6
2218,6
2219,5
2220,5
2221,5
2222,4
2223,3
2224,2
2225,6
2226,6
2227,5
2228,5
2229,5
2230,5
2231,4
2232,4
2233,5
2234,2
2235,5
2236,5
2237,5
2238,6
2239,3
2240,4
2241,4
2242,4
2243,5
2244,4
2245,4
2246,3
2247,5
2248,6
2249,7
2250,5
2251,4
2252,5
2253,4
2254,4
2255,6
2256,2
2257,6
2258,5
2259,6
2260,5
2261,2
2262,3
2263,6
2264,4
2265,4
2266,4
2267,3
2268,6
2269,6
2270,5
2271,3
2272,1
2273,8
2274,5
2275,2
2276,7
2277,6
2278,2
2279,5
2280,6
2281,2
2282,4
2283,4
2284,4
2285,3
2286,4
2287,5
2288,4
2289,5
2290,4
2291,6
2292,4
2293,3
2294,6
2295,7
2296,5
2297,6
2298,4
2299,5
2300,2
2301,6
2302,6
2303,5
2304,7
2305,8
2306,2
2307,6
2308,7
2309,3
2310,2
2311,4
2312,3
2313,7
2314,6
2315,5
2316,5
2317,4
2318,6
2319,3
2320,7
2321,4
2322,4
2323,5
2324,5
2325,6
2326,4
2327,5
2328,6
2329,0
2330,4
2331,5
2332,3
2333,3
2334,4
2335,4
2336,8
2337,5
2338,2
2339,3
2340,5
2341,6
2342,4
2343,5
2344,5
2345,5
2346,6
2347,5
2348,4
2349,6
2350,7
2351,3
2352,7
2353,5
2354,3
2355,5
2356,5
2357,7
2358,5
2359,6
2360,6
2361,3
2362,6
2363,4
2364,6
2365,4
2366,2
2367,5
2368,3
2369,6
2370,6
2371,4
2372,4
2373,3
2374,5
2375,4
2376,3
2377,3
2378,7
2379,5
2380,3
2381,2
2382,4
2383,1
2384,6
2385,4
2386,6
2387,6
2388,4
2389,4
2390,5
2391,3
2392,3
2393,3
2394,7
2395,3
2396,3
2397,6
2398,2
2399,4
2400,6
2401,5
2402,2
2403,7
2404,3
2405,5
2406,7
2407,5
2408,3
2409,3
2410,5
2411,2
2412,7
2413,6
2414,4
2415,2
2416,5
2417,3
2418,7
2419,6
2420,5
2421,6
2422,4
2423,5
2424,7
2425,4
2426,1
2427,0
2428,1
2429,3
2430,4
2431,4
2432,0
2433,7
2434,3
2435,7
2436,6
2437,6
2438,6
2439,7
2440,5
2441,3
2442,4
2443,4
2444,3
2445,7
2446,7
2447,6
2448,3
2449,4
2450,2
2451,5
2452,4
2453,2
2454,6
2455,7
2456,3
2457,4
2458,5
2459,5
2460,4
2461,6
2462,8
2463,5
2464,4
2465,5
2466,5
2467,5
2468,4
2469,5
2470,3
2471,5
2472,5
2473,6
2474,5
2475,6
2476,5
2477,4
2478,7
2479,2
2480,5
2481,3
2482,4
2483,2
2484,6
2485,5
2486,5
2487,5
2488,4
2489,6
2490,5
2491,4
2492,7
2493,6
2494,3
2495,7
2496,4
2497,6
2498,3
2499,3
2500,5
2501,5
2502,4
2503,2
2504,5
2505,7
2506,6
2507,2
2508,5
2509,4
2510,6
2511,5
2512,3
2513,6
2514,5
2515,2
2516,7
2517,3
2518,3
2519,3
2520,7
2521,4
2522,7
2523,6
2524,0
2525,6
2526,5
2527,2
2528,8
2529,5
2530,4
2531,4
2532,4
2533,5
2534,6
2535,6
2536,4
2537,5
2538,4
2539,3
2540,4
2541,7
2542,5
2543,5
2544,4
2545,7
2546,3
2547,7
2548,5
2549,5
2550,6
2551,7
2552,5
2553,6
2554,6
2555,4
2556,3
2557,4
2558,5
2559,5
2560,4
2561,6
2562,3
2563,3
2564,1
2565,3
2566,3
2567,5
2568,3
2569,7
2570,6
2571,5
2572,6
2573,3
2574,5
2575,4
2576,5
2577,5
2578,5
2579,7
2580,6
2581,5
2582,6
2583,7
2584,6
2585,7
2586,5
2587,5
2588,5
2589,3
2590,6
2591,4
2592,2
2593,6
2594,6
2595,5
2596,7
2597,4
2598,3
2599,3
2600,4
2601,6
2602,3
2603,6
2604,2
2605,5
2606,3
2607,4
2608,2
2609,7
2610,7
2611,4
2612,6
2613,4
2614,4
2615,3
2616,3
2617,5
2618,2
2619,6
2620,1
2621,5
2622,7
2623,6
2624,0
2625,6
2626,6
2627,4
2628,6
2629,7
2630,6
2631,5
2632,3
2633,3
2634,4
2635,1
2636,4
2637,7
2638,4
2639,5
2640,6
2641,3
2642,4
2643,6
2644,3
2645,6
2646,8
2647,5
2648,7
2649,5
2650,4
2651,4
2652,2
2653,4
2654,7
2655,4
2656,3
2657,5
2658,6
2659,2
2660,5
2661,5
2662,6
2663,4
2664,6
2665,2
2666,2
2667,7
2668,4
2669,3
2670,5
2671,3
2672,2
2673,3
2674,5
2675,7
2676,6
2677,5
2678,6
2679,5
2680,4
2681,3
2682,4
2683,5
2684,4
2685,4
2686,6
2687,2
2688,0
2689,3
2690,2
2691,5
2692,2
2693,6
2694,3
2695,7
2696,4
2697,4
2698,7
2699,6
2700,3
2701,2
2702,5
2703,4
2704,6
2705,6
2706,3
2707,3
2708,3
2709,9
2710,7
2711,7
2712,2
2713,6
2714,6
2715,3
2716,3
2717,1
2718,3
2719,5
2720,4
2721,4
2722,5
2723,6
2724,5
2725,6
2726,5
2727,3
2728,2
2729,1
2730,7
2731,7
2732,6
2733,6
2734,5
2735,4
2736,5
2737,5
2738,5
2739,7
2740,2
2741,1
2742,3
2743,5
2744,8
2745,0
2746,6
2747,3
2748,7
2749,5
2750,7
2751,4
2752,7
2753,5
2754,6
2755,5
2756,4
2757,4
2758,1
2759,4
2760,3
2761,4
2762,5
2763,2
2764,7
2765,6
2766,7
2767,4
2768,4
2769,5
2770,4
2771,3
2772,3
2773,5
2774,5
2775,1
2776,5
2777,5
2778,3
2779,5
2780,6
2781,4
2782,5
2783,4
2784,5
2785,3
2786,4
2787,5
2788,6
2789,2
2790,7
2791,5
2792,4
2793,5
2794,6
2795,6
2796,1
2797,6
2798,2
2799,7
2800,4
2801,3
2802,4
2803,5
2804,3
2805,6
2806,2
2807,8
2808,6
2809,3
2810,7
2811,5
2812,2
2813,4
2814,6
2815,4
2816,4
2817,7
2818,4
2819,3
2820,3
2821,2
2822,6
2823,4
2824,7
2825,5
2826,6
2827,5
2828,2
2829,4
2830,7
2831,6
2832,6
2833,3
2834,3
2835,7
2836,4
2837,6
2838,5
2839,3
2840,4
2841,4
2842,7
2843,4
2844,3
2845,5
2846,4
2847,6
2848,5
2849,7
2850,3
2851,4
2852,2
2853,5
2854,1
2855,1
2856,4
2857,4
2858,3
2859,4
2860,2
2861,2
2862,6
2863,7
2864,4
2865,3
2866,6
2867,2
2868,3
2869,6
2870,6
2871,6
2872,6
2873,3
2874,5
2875,1
2876,4
2877,5
2878,3
2879,3
2880,6
2881,4
2882,4
2883,3
2884,4
2885,3
2886,4
2887,8
2888,4
2889,6
2890,4
2891,6
2892,2
2893,7
2894,6
2895,6
2896,1
2897,6
2898,6
2899,6
2900,6
2901,4
2902,4
2903,4
2904,3
2905,9
2906,4
2907,3
2908,5
2909,2
2910,5
2911,3
2912,6
2913,5
2914,5
2915,7
2916,7
2917,0
2918,4
2919,6
2920,5
2921,3
2922,4
2923,3
2924,4
2925,3
2926,6
2927,4
2928,6
2929,3
2930,6
2931,6
2932,3
2933,3
2934,1
2935,6
2936,3
2937,6
2938,5
2939,3
2940,4
2941,6
2942,4
2943,7
2944,5
2945,6
2946,2
2947,3
2948,4
2949,6
2950,6
2951,8
2952,5
2953,7
2954,5
2955,3
2956,5
2957,3
2958,7
2959,2
2960,5
2961,7
2962,5
2963,1
2964,6
2965,2
2966,4
2967,5
2968,4
2969,3
2970,5
2971,4
2972,3
2973,7
2974,4
2975,3
2976,4
2977,4
2978,4
2979,5
2980,4
2981,3
2982,2
2983,4
2984,2
2985,6
2986,4
2987,4
2988,5
2989,2
2990,6
2991,6
2992,4
2993,5
2994,6
2995,4
2996,7
2997,4
2998,4
2999,2
3000,5
3001,4
3002,5
3003,7
3004,1
3005,3
3006,5
3007,7
3008,4
3009,4
3010,7
3011,8
3012,5
3013,4
3014,3
3015,0
3016,8
3017,1
3018,1
3019,7
3020,4
3021,6
3022,3
3023,4
3024,7
3025,4
3026,2
3027,6
3028,5
3029,6
3030,3
3031,6
3032,6
3033,5
3034,7
3035,3
3036,4
3037,1
3038,5
3039,6
3040,2
3041,5
3042,4
3043,5
3044,2
3045,5
3046,2
3047,7
3048,6
3049,2
3050,5
3051,5
3052,2
3053,3
3054,1
3055,4
3056,3
3057,7
3058,3
3059,5
3060,4
3061,5
3062,7
3063,6
3064,6
3065,6
3066,6
3067,3
3068,4
3069,5
3070,2
3071,7
3072,7
3073,5
3074,8
3075,7
3076,4
3077,5
3078,7
3079,6
3080,3
3081,1
3082,6
3083,4
3084,3
3085,5
3086,6
3087,5
3088,4
3089,0
3090,4
3091,4
3092,6
3093,5
3094,6
3095,6
3096,4
3097,4
3098,6
3099,3
3100,2
3101,3
3102,6
3103,6
3104,5
3105,6
3106,5
3107,8
3108,6
3109,4
3110,6
3111,6
3112,4
3113,4
3114,5
3115,6
3116,4
3117,4
3118,0
3119,4
3120,3
3121,8
3122,4
3123,4
3124,5
3125,5
3126,4
3127,3
3128,7
3129,7
3130,4
3131,8
3132,8
3133,4
3134,3
3135,3
3136,5
3137,4
3138,5
3139,3
3140,6
3141,3
3142,7
3143,5
3144,2
3145,3
3146,3
3147,3
3148,5
3149,6
3150,3
3151,3
3152,3
3153,2
3154,2
3155,7
3156,7
3157,2
3158,4
3159,4
3160,5
3161,1
3162,4
3163,5
3164,5
3165,3
3166,7
3167,3
3168,6
3169,5
3170,7
3171,5
3172,3
3173,5
3174,5
3175,3
3176,4
3177,6
3178,5
3179,3
3180,2
3181,6
3182,2
3183,5
3184,6
3185,6
3186,4
3187,1
3188,6
3189,4
3190,4
3191,4
3192,6
3193,5
3194,6
3195,1
3196,2
3197,5
3198,3
3199,3
3200,6
3201,5
3202,4
3203,4
3204,3
3205,4
3206,6
3207,7
3208,5
3209,5
3210,8
3211,1
3212,6
3213,7
3214,4
3215,6
3216,6
3217,4
3218,4
3219,4
3220,5
3221,7
3222,1
3223,5
3224,5
3225,2
3226,3
3227,4
3228,6
3229,6
3230,6
3231,4
3232,2
3233,6
3234,2
3235,7
3236,8
3237,6
3238,4
3239,5
3240,6
3241,4
3242,2
3243,2
3244,4
3245,6
3246,5
3247,6
3248,5
3249,3
3250,5
3251,6
3252,6
3253,5
3254,9
3255,6
3256,5
3257,7
3258,4
3259,4
3260,4
3261,3
3262,6
3263,3
3264,5
3265,6
3266,3
3267,5
3268,0
3269,4
3270,6
3271,3
3272,0
3273,4
3274,7
3275,5
3276,6
3277,7
3278,4
3279,4
3280,5
3281,3
3282,7
3283,4
3284,6
3285,3
3286,2
3287,6
3288,5
3289,2
3290,4
3291,6
3292,7
3293,4
3294,3
3295,7
3296,3
3297,6
3298,4
3299,5
3300,5
3301,2
3302,8
3303,8
3304,7
3305,7
3306,6
3307,4
3308,3
3309,7
3310,3
3311,6
3312,1
3313,5
3314,5
3315,3
3316,4
3317,2
3318,5
3319,3
3320,3
3321,4
3322,5
3323,2
3324,2
3325,3
3326,5
3327,8
3328,3
3329,5
3330,4
3331,6
3332,4
3333,4
3334,6
3335,6
3336,4
3337,5
3338,5
3339,5
3340,6
3341,5
3342,7
3343,6
3344,3
3345,3
3346,5
3347,4
3348,5
3349,5
3350,5
3351,4
3352,4
3353,3
3354,4
3355,7
3356,5
3357,4
3358,6
3359,2
3360,3
3361,4
3362,3
3363,5
3364,4
3365,0
3366,3
3367,2
3368,5
3369,4
3370,6
3371,6
3372,3
3373,3
3374,6
3375,5
3376,4
3377,4
3378,6
3379,6
3380,4
3381,6
3382,7
3383,5
3384,7
3385,6
3386,4
3387,6
3388,3
3389,7
3390,6
3391,6
3392,5
3393,6
3394,4
3395,4
3396,4
3397,4
3398,3
3399,8
3400,3
3401,3
3402,4
3403,6
3404,4
3405,6
3406,4
3407,3
3408,3
3409,4
3410,4
3411,7
3412,3
3413,5
3414,2
3415,4
3416,5
3417,3
3418,4
3419,3
3420,4
3421,2
3422,3
3423,4
3424,5
3425,4
3426,3
3427,6
3428,5
3429,5
3430,3
3431,5
3432,6
3433,5
3434,4
3435,4
3436,3
3437,3
3438,4
3439,3
3440,7
3441,4
3442,5
3443,5
3444,9
3445,9
3446,3
3447,8
3448,2
3449,4
3450,4
3451,5
3452,6
3453,7
3454,5
3455,6
3456,3
3457,3
3458,4
3459,9
3460,8
3461,3
3462,2
3463,6
3464,5
3465,4
3466,4
3467,3
3468,5
3469,4
3470,3
3471,4
3472,1
3473,3
3474,5
3475,2
3476,3
3477,6
3478,5
3479,5
3480,5
3481,6
3482,6
3483,3
3484,6
3485,2
3486,2
3487,2
3488,4
3489,5
3490,5
3491,2
3492,5
3493,7
3494,7
3495,2
3496,4
3497,6
3498,4
3499,4
3500,3
3501,3
3502,4
3503,5
3504,3
3505,1
3506,3
3507,6
3508,4
3509,6
3510,4
3511,3
3512,1
3513,4
3514,3
3515,4
3516,5
3517,6
3518,6
3519,4
3520,5
3521,5
3522,1
3523,5
3524,3
3525,5
3526,4
3527,7
3528,3
3529,2
3530,7
3531,7
3532,5
3533,4
3534,6
3535,4
3536,4
3537,5
3538,4
3539,8
3540,5
3541,5
3542,4
3543,5
3544,5
3545,5
3546,6
3547,4
3548,7
3549,3
3550,6
3551,6
3552,4
3553,4
3554,4
3555,5
3556,4
3557,7
3558,3
3559,5
3560,7
3561,1
3562,0
3563,5
3564,4
3565,6
3566,6
3567,2
3568,5
3569,3
3570,6
3571,6
3572,6
3573,3
3574,5
3575,3
3576,5
3577,6
3578,3
3579,4
3580,2
3581,6
3582,6
3583,6
3584,4
3585,4
3586,6
3587,3
3588,7
3589,5
3590,4
3591,3
3592,3
3593,2
3594,6
3595,5
3596,5
3597,6
3598,7
3599,4
3600,5
3601,4
3602,5
3603,4
3604,6
3605,4
3606,4
3607,5
3608,6
3609,6
3610,2
3611,4
3612,1
3613,5
3614,4
3615,7
3616,3
3617,5
3618,5
3619,5
3620,1
3621,5
3622,4
3623,3
3624,5
3625,6
3626,6
3627,6
3628,3
3629,3
3630,6
3631,2
3632,7
3633,4
3634,4
3635,6
3636,2
3637,5
3638,4
3639,4
3640,5
3641,7
3642,6
3643,6
3644,3
3645,4
3646,4
3647,4
3648,4
3649,7
3650,3
3651,4
3652,3
3653,5
3654,5
3655,2
3656,7
3657,5
3658,7
3659,6
3660,4
3661,6
3662,3
3663,6
3664,4
3665,7
3666,6
3667,6
3668,2
3669,4
3670,4
3671,4
3672,6
3673,8
3674,4
3675,3
3676,2
3677,2
3678,3
3679,5
3680,3
3681,4
3682,5
3683,4
3684,4
3685,4
3686,4
3687,5
3688,8
3689,6
3690,7
3691,5
3692,3
3693,6
3694,4
3695,6
3696,5
3697,4
3698,2
3699,4
3700,4
3701,3
3702,4
3703,5
3704,2
3705,4
3706,5
3707,6
3708,5
3709,4
3710,4
3711,4
3712,1
3713,6
3714,1
3715,6
3716,3
3717,1
3718,7
3719,6
3720,5
3721,2
3722,4
3723,4
3724,5
3725,7
3726,3
3727,5
3728,4
3729,6
3730,7
3731,5
3732,6
3733,4
3734,5
3735,5
3736,7
3737,5
3738,6
3739,0
3740,1
3741,5
3742,3
3743,5
3744,7
3745,2
3746,6
3747,1
3748,2
3749,5
3750,7
3751,3
3752,7
3753,5
3754,6
3755,1
3756,5
3757,5
3758,7
3759,4
3760,3
3761,4
3762,5
3763,7
3764,4
3765,6
3766,5
3767,5
3768,5
3769,6
3770,3
3771,5
3772,3
3773,4
3774,7
3775,2
3776,6
3777,6
3778,4
3779,3
3780,5
3781,4
3782,2
3783,8
3784,4
3785,7
3786,5
3787,5
3788,1
3789,6
3790,6
3791,4
3792,5
3793,5
3794,5
3795,4
3796,4
3797,4
3798,4
3799,5
3800,5
3801,4
3802,5
3803,5
3804,6
3805,5
3806,3
3807,4
3808,5
3809,6
3810,4
3811,5
3812,3
3813,3
3814,3
3815,5
3816,2
3817,6
3818,4
3819,4
3820,4
3821,4
3822,6
3823,5
3824,3
3825,7
3826,5
3827,4
3828,8
3829,2
3830,3
3831,5
3832,5
3833,5
3834,5
3835,6
3836,5
3837,5
3838,4
3839,4
3840,5
3841,4
3842,2
3843,5
3844,6
3845,4
3846,7
3847,3
3848,2
3849,3
3850,5
3851,5
3852,6
3853,5
3854,4
3855,5
3856,4
3857,4
3858,3
3859,6
3860,3
3861,4
3862,5
3863,5
3864,5
3865,2
3866,3
3867,1
3868,3
3869,4
3870,4
3871,5
3872,5
3873,6
3874,5
3875,3
3876,8
3877,4
3878,3
3879,3
3880,6
3881,5
3882,3
3883,3
3884,3
3885,6
3886,3
3887,2
3888,6
3889,3
3890,2
3891,7
3892,5
3893,4
3894,6
3895,4
3896,9
3897,4
3898,5
3899,5
3900,4
3901,6
3902,5
3903,4
3904,2
3905,4
3906,7
3907,5
3908,6
3909,7
3910,6
3911,6
3912,5
3913,6
3914,2
3915,5
3916,6
3917,5
3918,6
3919,8
3920,4
3921,4
3922,4
3923,8
3924,6
3925,4
3926,7
3927,5
3928,5
3929,6
3930,5
3931,2
3932,2
3933,7
3934,3
3935,6
3936,7
3937,6
3938,4
3939,3
3940,5
3941,5
3942,4
3943,2
3944,5
3945,6
3946,5
3947,2
3948,4
3949,8
3950,6
3951,4
3952,6
3953,5
3954,2
3955,6
3956,6
3957,2
3958,6
3959,9
3960,5
3961,4
3962,8
3963,3
3964,6
3965,3
3966,3
3967,5
3968,6
3969,7
3970,6
3971,5
3972,4
3973,5
3974,5
3975,3
3976,5
3977,5
3978,7
3979,6
3980,3
3981,4
3982,3
3983,5
3984,3
3985,5
3986,5
3987,5
3988,6
3989,4
3990,4
3991,7
3992,6
3993,4
3994,1
3995,3
3996,7
3997,7
3998,4
3999,2
4000,2
4001,7
4002,4
4003,5
4004,5
4005,6
4006,6
4007,6
4008,5
4009,5
4010,6
4011,2
4012,7
4013,5
4014,6
4015,3
4016,4
4017,4
4018,5
4019,7
4020,6
4021,3
4022,4
4023,7
4024,4
4025,5
4026,3
4027,5
4028,6
4029,3
4030,5
4031,4
4032,1
4033,4
4034,3
4035,6
4036,1
4037,4
4038,6
4039,6
4040,4
4041,3
4042,1
4043,7
4044,5
4045,6
4046,4
4047,5
4048,3
4049,5
4050,4
4051,3
4052,6
4053,5
4054,5
4055,4
4056,4
4057,5
4058,5
4059,4
4060,5
4061,6
4062,5
4063,4
4064,4
4065,4
4066,3
4067,5
4068,4
4069,3
4070,3
4071,6
4072,5
4073,4
4074,3
4075,5
4076,1
4077,4
4078,5
4079,6
4080,5
4081,5
4082,7
4083,5
4084,6
4085,3
4086,6
4087,6
4088,6
4089,5
4090,6
4091,5
4092,6
4093,5
4094,5
4095,4
4096,3
4097,4
4098,4
4099,7
4100,6
4101,4
4102,5
4103,3
4104,3
4105,5
4106,4
4107,7
4108,4
4109,4
4110,3
4111,4
4112,6
4113,4
4114,1
4115,6
4116,4
4117,2
4118,6
4119,4
4120,5
4121,4
4122,4
4123,5
4124,6
4125,5
4126,3
4127,5
4128,6
4129,3
4130,7
4131,7
4132,6
4133,5
4134,6
4135,4
4136,4
4137,6
4138,6
4139,6
4140,0
4141,4
4142,3
4143,3
4144,7
4145,2
4146,3
4147,7
4148,5
4149,2
4150,6
4151,8
4152,4
4153,5
4154,5
4155,6
4156,9
4157,8
4158,1
4159,4
4160,4
4161,5
4162,6
4163,4
4164,4
4165,6
4166,6
4167,5
4168,4
4169,6
4170,3
4171,6
4172,3
4173,6
4174,2
4175,7
4176,5
4177,5
4178,4
4179,5
4180,7
4181,5
4182,4
4183,5
4184,5
4185,5
4186,8
4187,4
4188,5
4189,6
4190,5
4191,5
4192,3
4193,6
4194,2
4195,1
4196,6
4197,1
4198,4
4199,7
4200,1
4201,4
4202,4
4203,5
4204,6
4205,5
4206,7
4207,4
4208,3
4209,3
4210,2
4211,6
4212,4
4213,6
4214,6
4215,5
4216,5
4217,5
4218,2
4219,5
4220,5
4221,2
4222,6
4223,5
4224,4
4225,4
4226,6
4227,6
4228,6
4229,3
4230,1
4231,3
4232,6
4233,6
4234,5
4235,3
4236,4
4237,2
4238,5
4239,2
4240,4
4241,1
4242,7
4243,1
4244,5
4245,7
4246,5
4247,7
4248,5
4249,2
4250,4
4251,0
4252,4
4253,6
4254,4
4255,1
4256,4
4257,5
4258,6
4259,4
4260,4
4261,3
4262,4
4263,4
4264,2
4265,3
4266,3
4267,3
4268,5
4269,3
4270,5
4271,3
4272,3
4273,3
4274,5
4275,7
4276,2
4277,3
4278,6
4279,6
4280,4
4281,1
4282,4
4283,5
4284,4
4285,6
4286,4
4287,2
4288,3
4289,7
4290,4
4291,4
4292,5
4293,4
4294,3
4295,3
4296,6
4297,8
4298,2
4299,1
4300,5
4301,3
4302,6
4303,3
4304,1
4305,6
4306,0
4307,6
4308,4
4309,6
4310,4
4311,3
4312,5
4313,3
4314,3
4315,2
4316,3
4317,4
4318,4
4319,4
4320,2
4321,5
4322,4
4323,8
4324,2
4325,6
4326,0
4327,3
4328,4
4329,4
4330,8
4331,5
4332,4
4333,6
4334,5
4335,3
4336,7
4337,3
4338,5
4339,7
4340,3
4341,4
4342,8
4343,3
4344,3
4345,3
4346,5
4347,6
4348,0
4349,6
4350,7
4351,3
4352,5
4353,7
4354,2
4355,0
4356,6
4357,3
4358,3
4359,7
4360,4
4361,4
4362,5
4363,4
4364,7
4365,3
4366,7
4367,4
4368,6
4369,6
4370,5
4371,4
4372,6
4373,8
4374,5
4375,2
4376,5
4377,6
4378,5
4379,6
4380,4
4381,4
4382,6
4383,5
4384,4
4385,6
4386,7
4387,5
4388,3
4389,3
4390,5
4391,2
4392,4
4393,5
4394,4
4395,9
4396,3
4397,6
4398,4
4399,0
4400,6
4401,6
4402,0
4403,7
4404,8
4405,6
4406,4
4407,5
4408,4
4409,4
4410,3
4411,5
4412,6
4413,7
4414,5
4415,4
4416,6
4417,4
4418,4
4419,3
4420,6
4421,3
4422,3
4423,3
4424,6
4425,4
4426,4
4427,4
4428,3
4429,7
4430,5
4431,3
4432,4
4433,2
4434,3
4435,4
4436,5
4437,0
4438,6
4439,3
4440,4
4441,7
4442,6
4443,3
4444,3
4445,1
4446,3
4447,3
4448,3
4449,6
4450,7
4451,4
4452,4
4453,5
4454,7
4455,6
4456,4
4457,2
4458,2
4459,2
4460,4
4461,2
4462,5
4463,2
4464,5
4465,4
4466,2
4467,5
4468,3
4469,2
4470,5
4471,4
4472,4
4473,3
4474,2
4475,2
4476,4
4477,8
4478,6
4479,5
4480,8
4481,4
4482,3
4483,6
4484,4
4485,3
4486,5
4487,9
4488,7
4489,3
4490,2
4491,6
4492,5
4493,3
4494,8
4495,6
4496,3
4497,5
4498,2
4499,5
4500,5
4501,3
4502,6
4503,5
4504,6
4505,8
4506,5
4507,6
4508,5
4509,7
4510,5
4511,5
4512,1
4513,5
4514,5
4515,2
4516,4
4517,5
4518,3
4519,4
4520,6
4521,2
4522,5
4523,4
4524,5
4525,7
4526,4
4527,5
4528,5
4529,4
4530,5
4531,5
4532,4
4533,7
4534,5
4535,3
4536,7
4537,1
4538,5
4539,1
4540,2
4541,6
4542,3
4543,2
4544,3
4545,8
4546,3
4547,5
4548,6
4549,6
4550,5
4551,6
4552,2
4553,3
4554,7
4555,4
4556,2
4557,7
4558,2
4559,5
4560,6
4561,3
4562,5
4563,2
4564,5
4565,2
4566,4
4567,4
4568,6
4569,4
4570,1
4571,6
4572,4
4573,7
4574,5
4575,3
4576,4
4577,6
4578,6
4579,6
4580,1
4581,2
4582,5
4583,6
4584,5
4585,5
4586,7
4587,3
4588,4
4589,0
4590,4
4591,3
4592,2
4593,7
4594,3
4595,5
4596,4
4597,2
4598,4
4599,1
4600,3
4601,7
4602,6
4603,1
4604,3
4605,3
4606,9
4607,6
4608,6
4609,6
4610,4
4611,7
4612,7
4613,4
4614,4
4615,6
4616,3
4617,1
4618,4
4619,4
4620,1
4621,6
4622,7
4623,3
4624,5
4625,4
4626,6
4627,7
4628,3
4629,7
4630,4
4631,2
4632,2
4633,3
4634,7
4635,2
4636,5
4637,4
4638,4
4639,1
4640,3
4641,7
4642,4
4643,5
4644,5
4645,4
4646,4
4647,5
4648,8
4649,6
4650,4
4651,2
4652,2
4653,4
4654,3
4655,4
4656,3
4657,6
4658,4
4659,4
4660,6
4661,3
4662,4
4663,4
4664,6
4665,4
4666,5
4667,6
4668,0
4669,5
4670,8
4671,3
4672,2
4673,5
4674,4
4675,7
4676,4
4677,5
4678,7
4679,6
4680,2
4681,4
4682,4
4683,3
4684,6
4685,2
4686,7
4687,3
4688,1
4689,6
4690,5
4691,5
4692,6
4693,7
4694,4
4695,6
4696,4
4697,4
4698,4
4699,4
4700,3
4701,5
4702,5
4703,3
4704,6
4705,3
4706,1
4707,4
4708,5
4709,1
4710,5
4711,4
4712,5
4713,5
4714,6
4715,3
4716,5
4717,6
4718,5
4719,6
4720,2
4721,4
4722,5
4723,7
4724,3
4725,5
4726,2
4727,6
4728,4
4729,6
4730,6
4731,4
4732,3
4733,5
4734,4
4735,6
4736,5
4737,7
4738,5
4739,3
4740,4
4741,1
4742,6
4743,4
4744,3
4745,5
4746,2
4747,4
4748,6
4749,5
4750,7
4751,3
4752,5
4753,4
4754,7
4755,1
4756,4
4757,2
4758,5
4759,6
4760,6
4761,3
4762,2
4763,6
4764,3
4765,5
4766,6
4767,5
4768,8
4769,3
4770,4
4771,6
4772,4
4773,7
4774,8
4775,4
4776,4
4777,3
4778,5
4779,4
4780,5
4781,7
4782,7
4783,3
4784,5
4785,6
4786,5
4787,3
4788,5
4789,5
4790,3
4791,3
4792,5
4793,2
4794,5
4795,5
4796,3
4797,4
4798,5
4799,4
4800,3
4801,1
4802,6
4803,6
4804,5
4805,4
4806,3
4807,4
4808,4
4809,4
4810,6
4811,6
4812,5
4813,6
4814,4
4815,3
4816,6
4817,4
4818,5
4819,2
4820,4
4821,6
4822,6
4823,4
4824,7
4825,3
4826,5
4827,1
4828,3
4829,4
4830,8
4831,4
4832,6
4833,6
4834,4
4835,4
4836,2
4837,2
4838,6
4839,3
4840,6
4841,3
4842,2
4843,3
4844,6
4845,5
4846,5
4847,5
4848,4
4849,3
4850,3
4851,2
4852,3
4853,6
4854,7
4855,5
4856,3
4857,1
4858,6
4859,6
4860,5
4861,3
4862,6
4863,3
4864,2
4865,3
4866,6
4867,5
4868,6
4869,2
4870,5
4871,3
4872,3
4873,2
4874,6
4875,6
4876,5
4877,4
4878,1
4879,6
4880,3
4881,4
4882,4
4883,6
4884,5
4885,4
4886,1
4887,8
4888,1
4889,6
4890,2
4891,6
4892,4
4893,0
4894,3
4895,6
4896,6
4897,3
4898,5
4899,6
4900,5
4901,5
4902,2
4903,5
4904,6
4905,6
4906,4
4907,7
4908,2
4909,4
4910,4
4911,5
4912,7
4913,6
4914,5
4915,5
4916,6
4917,8
4918,5
4919,7
4920,3
4921,5
4922,6
4923,3
4924,5
4925,3
4926,6
4927,6
4928,5
4929,4
4930,4
4931,6
4932,4
4933,3
4934,3
4935,6
4936,5
4937,5
4938,7
4939,6
4940,5
4941,7
4942,5
4943,7
4944,6
4945,5
4946,3
4947,5
4948,6
4949,5
4950,5
4951,6
4952,4
4953,4
4954,5
4955,4
4956,5
4957,7
4958,1
4959,4
4960,5
4961,5
4962,6
4963,6
4964,2
4965,5
4966,6
4967,2
4968,4
4969,4
4970,4
4971,6
4972,6
4973,7
4974,3
4975,4
4976,6
4977,7
4978,4
4979,2
4980,7
4981,5
4982,3
4983,7
4984,5
4985,7
4986,5
4987,3
4988,3
4989,6
4990,4
4991,4
4992,6
4993,7
4994,4
4995,6
4996,3
4997,5
4998,5
4999,3
5000,3
5001,8
5002,5
5003,4
5004,7
5005,6
5006,4
5007,5
5008,7
5009,5
5010,3
5011,2
5012,3
5013,7
5014,7
5015,3
5016,5
5017,3
5018,5
5019,8
5020,4
5021,8
5022,3
5023,6
5024,7
5025,5
5026,6
5027,3
5028,2
5029,5
5030,6
5031,7
5032,7
5033,2
5034,4
5035,7
5036,6
5037,4
5038,3
5039,1
5040,4
5041,5
5042,7
5043,4
5044,5
5045,4
5046,5
5047,1
5048,3
5049,5
5050,2
5051,5
5052,6
5053,4
5054,6
5055,3
5056,6
5057,7
5058,5
5059,6
5060,4
5061,6
5062,2
5063,4
5064,5
5065,7
5066,2
5067,5
5068,4
5069,6
5070,4
5071,3
5072,7
5073,2
5074,4
5075,6
5076,4
5077,3
5078,6
5079,3
5080,5
5081,5
5082,5
5083,5
5084,6
5085,6
5086,3
5087,4
5088,7
5089,6
5090,5
5091,5
5092,2
5093,7
5094,7
5095,4
5096,3
5097,5
5098,6
5099,8
5100,2
5101,5
5102,3
5103,6
5104,3
5105,6
5106,3
5107,3
5108,5
5109,3
5110,4
5111,5
5112,5
5113,5
5114,4
5115,6
5116,3
5117,8
5118,1
5119,5
5120,5
5121,4
5122,4
5123,7
5124,3
5125,4
5126,5
5127,3
5128,3
5129,5
5130,2
5131,4
5132,6
5133,6
5134,5
5135,3
5136,5
5137,5
5138,7
5139,7
5140,3
5141,6
5142,4
5143,4
5144,5
5145,4
5146,5
5147,3
5148,2
5149,5
5150,4
5151,3
5152,2
5153,0
5154,4
5155,4
5156,8
5157,3
5158,5
5159,3
5160,6
5161,1
5162,4
5163,4
5164,4
5165,7
5166,5
5167,4
5168,2
5169,7
5170,1
5171,5
5172,7
5173,5
5174,6
5175,2
5176,4
5177,6
5178,5
5179,4
5180,5
5181,3
5182,6
5183,7
5184,4
5185,6
5186,5
5187,5
5188,8
5189,7
5190,7
5191,6
5192,6
5193,6
5194,5
5195,4
5196,6
5197,7
5198,6
5199,2
5200,2
5201,5
5202,5
5203,4
5204,5
5205,3
5206,3
5207,2
5208,6
5209,5
5210,6
5211,5
5212,4
5213,4
5214,5
5215,8
5216,7
5217,5
5218,4
5219,5
5220,5
5221,7
5222,4
5223,3
5224,7
5225,1
5226,4
5227,1
5228,5
5229,5
5230,4
5231,7
5232,3
5233,5
5234,3
5235,4
5236,2
5237,2
5238,6
5239,3
5240,4
5241,3
5242,5
5243,6
5244,5
5245,4
5246,4
5247,3
5248,4
5249,7
5250,6
5251,6
5252,6
5253,5
5254,5
5255,5
5256,2
5257,5
5258,3
5259,2
5260,4
5261,6
5262,4
5263,5
5264,2
5265,3
5266,5
5267,3
5268,5
5269,6
5270,3
5271,5
5272,3
5273,6
5274,5
5275,7
5276,6
5277,5
5278,5
5279,6
5280,7
5281,5
5282,7
5283,3
5284,7
5285,8
5286,6
5287,5
5288,6
5289,3
5290,5
5291,7
5292,4
5293,6
5294,5
5295,5
5296,1
5297,1
5298,7
5299,4
5300,6
5301,2
5302,3
5303,4
5304,4
5305,3
5306,4
5307,4
5308,8
5309,6
5310,7
5311,5
5312,6
5313,6
5314,5
5315,6
5316,6
5317,3
5318,2
5319,5
5320,4
5321,0
5322,4
5323,4
5324,3
5325,6
5326,5
5327,4
5328,6
5329,5
5330,4
5331,5
5332,4
5333,5
5334,5
5335,3
5336,6
5337,4
5338,6
5339,8
5340,6
5341,5
5342,3
5343,7
5344,2
5345,4
5346,6
5347,2
5348,6
5349,3
5350,5
5351,4
5352,4
5353,5
5354,4
5355,6
5356,5
5357,4
5358,2
5359,6
5360,1
5361,2
5362,0
5363,3
5364,6
5365,4
5366,7
5367,8
5368,6
5369,7
5370,5
5371,5
5372,4
5373,3
5374,5
5375,3
5376,3
5377,4
5378,5
5379,9
5380,5
5381,7
5382,6
5383,5
5384,6
5385,4
5386,5
5387,3
5388,1
5389,4
5390,3
5391,4
5392,1
5393,3
5394,5
5395,7
5396,4
5397,6
5398,5
5399,3
5400,4
5401,5
5402,6
5403,6
5404,5
5405,3
5406,5
5407,1
5408,4
5409,7
5410,6
5411,2
5412,3
5413,4
5414,5
5415,2
5416,6
5417,5
5418,6
5419,7
5420,6
5421,4
5422,6
5423,5
5424,4
5425,6
5426,5
5427,4
5428,1
5429,3
5430,4
5431,4
5432,2
5433,8
5434,6
5435,2
5436,3
5437,5
5438,3
5439,7
5440,2
5441,5
5442,6
5443,5
5444,7
5445,6
5446,3
5447,4
5448,4
5449,3
5450,2
5451,2
5452,8
5453,6
5454,2
5455,3
5456,1
5457,4
5458,5
5459,5
5460,2
5461,4
5462,6
5463,4
5464,5
5465,5
5466,6
5467,3
5468,2
5469,7
5470,2
5471,2
5472,5
5473,3
5474,7
5475,3
5476,6
5477,4
5478,5
5479,4
5480,6
5481,6
5482,2
5483,5
5484,4
5485,5
5486,5
5487,1
5488,2
5489,8
5490,3
5491,0
5492,1
5493,6
5494,2
5495,5
5496,5
5497,4
5498,6
5499,7
5500,6
5501,5
5502,4
5503,3
5504,5
5505,2
5506,5
5507,3
5508,6
5509,5
5510,4
5511,5
5512,5
5513,3
5514,3
5515,4
5516,4
5517,6
5518,5
5519,5
5520,4
5521,7
5522,3
5523,8
5524,2
5525,5
5526,5
5527,5
5528,4
5529,3
5530,4
5531,3
5532,3
5533,7
5534,4
5535,7
5536,9
5537,3
5538,5
5539,4
5540,3
5541,4
5542,4
5543,5
5544,0
5545,4
5546,1
5547,6
5548,6
5549,5
5550,1
5551,7
5552,5
5553,8
5554,4
5555,2
5556,6
5557,1
5558,6
5559,5
5560,2
5561,7
5562,3
5563,6
5564,6
5565,6
5566,7
5567,7
5568,4
5569,6
5570,5
5571,3
5572,6
5573,7
5574,5
5575,3
5576,6
5577,2
5578,3
5579,3
5580,5
5581,4
5582,4
5583,1
5584,8
5585,4
5586,6
5587,6
5588,6
5589,4
5590,1
5591,3
5592,2
5593,4
5594,3
5595,2
5596,6
5597,1
5598,6
5599,7
5600,5
5601,6
5602,5
5603,7
5604,5
5605,5
5606,9
5607,7
5608,6
5609,4
5610,6
5611,2
5612,4
5613,4
5614,7
5615,4
5616,1
5617,5
5618,4
5619,6
5620,6
5621,6
5622,3
5623,7
5624,4
5625,0
5626,5
5627,3
5628,3
5629,6
5630,6
5631,4
5632,5
5633,7
5634,5
5635,2
5636,2
5637,6
5638,6
5639,3
5640,5
5641,6
5642,4
5643,4
5644,4
5645,5
5646,4
5647,6
5648,3
5649,5
5650,1
5651,4
5652,6
5653,2
5654,4
5655,4
5656,3
5657,8
5658,6
5659,7
5660,6
5661,6
5662,5
5663,2
5664,5
5665,3
5666,3
5667,6
5668,6
5669,6
5670,5
5671,4
5672,2
5673,4
5674,7
5675,4
5676,6
5677,2
5678,5
5679,4
5680,2
5681,3
5682,4
5683,5
5684,7
5685,1
5686,1
5687,1
5688,4
5689,5
5690,4
5691,4
5692,6
5693,3
5694,5
5695,6
5696,4
5697,2
5698,6
5699,4
5700,3
5701,6
5702,6
5703,1
5704,2
5705,4
5706,6
5707,2
5708,6
5709,6
5710,5
5711,5
5712,6
5713,0
5714,6
5715,3
5716,4
5717,1
5718,1
5719,3
5720,8
5721,5
5722,5
5723,4
5724,5
5725,4
5726,3
5727,3
5728,6
5729,3
5730,5
5731,4
5732,5
5733,5
5734,4
5735,4
5736,3
5737,1
5738,3
5739,4
5740,5
5741,5
5742,5
5743,6
5744,4
5745,4
5746,3
5747,3
5748,5
5749,5
5750,5
5751,4
5752,2
5753,2
5754,4
5755,5
5756,3
5757,5
5758,5
5759,5
5760,4
5761,6
5762,5
5763,4
5764,4
5765,1
5766,7
5767,2
5768,8
5769,4
5770,2
5771,4
5772,6
5773,7
5774,5
5775,4
5776,4
5777,3
5778,2
5779,3
5780,5
5781,5
5782,6
5783,6
5784,5
5785,1
5786,5
5787,2
5788,0
5789,4
5790,6
5791,6
5792,6
5793,7
5794,3
5795,6
5796,4
5797,1
5798,6
5799,5
5800,3
5801,2
5802,5
5803,3
5804,6
5805,6
5806,5
5807,2
5808,5
5809,4
5810,8
5811,1
5812,6
5813,5
5814,7
5815,6
5816,3
5817,5
5818,5
5819,5
5820,3
5821,2
5822,5
5823,1
5824,4
5825,4
5826,5
5827,5
5828,6
5829,5
5830,3
5831,4
5832,5
5833,6
5834,7
5835,1
5836,4
5837,5
5838,4
5839,5
5840,4
5841,5
5842,4
5843,3
5844,5
5845,4
5846,6
5847,4
5848,5
5849,3
5850,5
5851,3
5852,5
5853,7
5854,4
5855,8
5856,5
5857,2
5858,3
5859,5
5860,5
5861,4
5862,6
5863,3
5864,5
5865,2
5866,3
5867,2
5868,7
5869,4
5870,6
5871,7
5872,8
5873,5
5874,4
5875,6
5876,5
5877,6
5878,4
5879,5
5880,6
5881,4
5882,1
5883,5
5884,6
5885,6
5886,6
5887,8
5888,6
5889,7
5890,2
5891,6
5892,5
5893,6
5894,6
5895,2
5896,6
5897,6
5898,4
5899,3
5900,4
5901,4
5902,5
5903,4
5904,6
5905,2
5906,1
5907,1
5908,6
5909,3
5910,6
5911,5
5912,7
5913,2
5914,2
5915,4
5916,3
5917,3
5918,5
5919,3
5920,2
5921,5
5922,7
5923,6
5924,1
5925,5
5926,5
5927,5
5928,4
5929,5
5930,5
5931,4
5932,5
5933,4
5934,4
5935,1
5936,6
5937,6
5938,5
5939,4
5940,5
5941,5
5942,6
5943,4
5944,3
5945,3
5946,2
5947,6
5948,2
5949,8
5950,2
5951,7
5952,9
5953,4
5954,3
5955,3
5956,4
5957,8
5958,4
5959,4
5960,3
5961,3
5962,3
5963,4
5964,5
5965,4
5966,3
5967,4
5968,5
5969,3
5970,3
5971,4
5972,5
5973,3
5974,5
5975,6
5976,4
5977,5
5978,7
5979,4
5980,3
5981,7
5982,4
5983,5
5984,2
5985,2
5986,4
5987,5
5988,2
5989,5
5990,5
5991,6
5992,4
5993,6
5994,3
5995,5
5996,3
5997,5
5998,5
5999,1
6000,5
6001,6
6002,3
6003,5
6004,4
6005,6
6006,5
6007,4
6008,2
6009,3
6010,7
6011,5
6012,2
6013,3
6014,3
6015,3
6016,3
6017,6
6018,4
6019,6
6020,1
6021,3
6022,3
6023,4
6024,4
6025,7
6026,4
6027,3
6028,5
6029,4
6030,2
6031,4
6032,3
6033,7
6034,7
6035,6
6036,5
6037,2
6038,5
6039,2
6040,2
6041,3
6042,5
6043,5
6044,5
6045,0
6046,4
6047,7
6048,4
6049,3
6050,5
6051,2
6052,8
6053,3
6054,8
6055,3
6056,4
6057,4
6058,3
6059,4
6060,4
6061,4
6062,6
6063,6
6064,5
6065,1
6066,1
6067,3
6068,3
6069,3
6070,6
6071,5
6072,5
6073,5
6074,6
6075,6
6076,4
6077,5
6078,6
6079,6
6080,3
6081,2
6082,0
6083,2
6084,4
6085,6
6086,7
6087,5
6088,7
6089,4
6090,3
6091,4
6092,5
6093,5
6094,4
6095,1
6096,4
6097,6
6098,8
6099,4
6100,5
6101,5
6102,4
6103,2
6104,3
6105,6
6106,2
6107,2
6108,6
6109,5
6110,1
6111,4
6112,6
6113,5
6114,5
6115,6
6116,4
6117,3
6118,3
6119,5
6120,5
6121,5
6122,7
6123,2
6124,5
6125,5
6126,1
6127,1
6128,4
6129,5
6130,7
6131,5
6132,5
6133,5
6134,3
6135,5
6136,4
6137,2
6138,5
6139,5
6140,5
6141,4
6142,6
6143,4
6144,4
6145,7
6146,0
6147,6
6148,6
6149,1
6150,3
6151,8
6152,7
6153,6
6154,3
6155,4
6156,5
6157,5
6158,7
6159,6
6160,2
6161,8
6162,3
6163,4
6164,8
6165,7
6166,4
6167,5
6168,4
6169,6
6170,2
6171,6
6172,2
6173,4
6174,5
6175,6
6176,0
6177,5
6178,4
6179,5
6180,6
6181,4
6182,4
6183,4
6184,5
6185,5
6186,6
6187,1
6188,6
6189,3
6190,3
6191,4
6192,0
6193,2
6194,1
6195,2
6196,3
6197,5
6198,7
6199,5
6200,6
6201,5
6202,2
6203,6
6204,3
6205,4
6206,7
6207,5
6208,2
6209,4
6210,5
6211,4
6212,4
6213,2
6214,2
6215,5
6216,4
6217,7
6218,6
6219,4
6220,3
6221,7
6222,5
6223,4
6224,6
6225,2
6226,8
6227,6
6228,6
6229,4
6230,2
6231,7
6232,4
6233,4
6234,6
6235,3
6236,1
6237,6
6238,3
6239,5
6240,4
6241,7
6242,6
6243,7
6244,6
6245,4
6246,3
6247,6
6248,4
6249,5
6250,2
6251,2
6252,4
6253,2
6254,6
6255,6
6256,2
6257,6
6258,4
6259,2
6260,2
6261,2
6262,4
6263,5
6264,6
6265,4
6266,4
6267,3
6268,6
6269,3
6270,5
6271,4
6272,5
6273,4
6274,4
6275,6
6276,6
6277,4
6278,6
6279,7
6280,4
6281,5
6282,4
6283,6
6284,3
6285,2
6286,6
6287,0
6288,7
6289,5
6290,3
6291,4
6292,5
6293,5
6294,4
6295,4
6296,6
6297,4
6298,1
6299,5
6300,7
6301,6
6302,3
6303,2
6304,5
6305,6
6306,6
6307,3
6308,4
6309,3
6310,3
6311,6
6312,2
6313,6
6314,5
